product_id,total_orders,total_revenue,avg_order_value,unique_customers,total_profit,first_order_date,last_order_date,product_name,category,subcategory,brand,price,product_currency,product_stock_quantity,product_weight_kg,dimensions_cm,color,material,description,launch_date,discontinued,product_created_timestamp,product_processed_timestamp,product_batch_id,product_source_system,product_price_segment,product_stock_status,days_since_launch,product_lifecycle_stage,dimensions_array,volume_cm3,density_kg_per_cm3,days_since_first_order,days_since_last_order,order_frequency_days,revenue_per_customer,performance_category,product_lifecycle
P007,1,178.50,178.500000,1,53.55,2025-01-16,2025-01-16,LED Desk Lamp,Furniture,Lighting,BrightTech,49.99,USD,56,1.20,35x25x15,White,Metal,Adjustable LED desk lamp with USB charging port,2024-06-10,false,2025-01-16T14:40:27Z,2025-12-08T11:45:31.248039Z,20251208_114511,ecommerce_products,Budget,High Stock,546,Mature,"[""35"",""25"",""15""]",13125,0.00009142857142857142,326,326,326,178.50000000000000000000,Low Performer,Stagnant
P003,3,413.99,137.996667,3,124.19699999999999,2025-01-16,2025-01-16,Ergonomic Office Chair,Furniture,Seating,ComfortPro,299.99,USD,18,12.50,60x60x120,Black,Mesh,Professional ergonomic office chair with lumbar support,2024-01-20,false,2025-01-16T10:45:33Z,2025-12-08T11:45:31.248039Z,20251208_114511,ecommerce_products,Premium,Medium Stock,688,Mature,"[""60"",""60"",""120""]",432000,0.000028935185185185186,326,326,108.66666666666667,137.99666666666666666667,Low Performer,Stagnant
P006,2,546.95,273.475000,2,164.08499999999998,2025-01-16,2025-01-16,Bluetooth Speaker,Electronics,Audio,SoundMax,129.99,USD,23,0.80,15x10x5,Red,Plastic,Portable Bluetooth speaker with 20W output and 12-hour battery,2024-05-01,false,2025-01-16T13:25:16Z,2025-12-08T11:45:31.248039Z,20251208_114511,ecommerce_products,Mid-range,Medium Stock,586,Mature,"[""15"",""10"",""5""]",750,0.0010666666666666667,326,326,163,273.47500000000000000000,Low Performer,Stagnant
P004,3,336.75,112.250000,3,101.02499999999999,2025-01-16,2025-01-16,Stainless Steel Water Bottle,Home & Kitchen,Hydration,HydroMax,24.99,USD,67,0.40,20x7x7,Silver,Stainless Steel,"Insulated stainless steel water bottle, keeps drinks cold for 24 hours",2024-03-10,false,2025-01-16T11:20:44Z,2025-12-08T11:45:31.248039Z,20251208_114511,ecommerce_products,Budget,High Stock,638,Mature,"[""20"",""7"",""7""]",980,0.00040816326530612246,326,326,108.66666666666667,112.25000000000000000000,Low Performer,Stagnant
P002,3,236.29,78.763333,3,70.887,2025-01-16,2025-01-16,Smart Fitness Tracker,Electronics,Wearables,FitTech,79.99,USD,32,0.10,4x2x1,Blue,Silicon,Advanced fitness tracker with heart rate monitoring,2024-02-01,false,2025-01-16T09:15:22Z,2025-12-08T11:45:31.248039Z,20251208_114511,ecommerce_products,Mid-range,Medium Stock,676,Mature,"[""4"",""2"",""1""]",8,0.0125,326,326,108.66666666666667,78.76333333333333333333,Low Performer,Stagnant
P001,3,415.23,138.410000,3,124.56899999999999,2025-01-16,2025-01-16,Wireless Bluetooth Headphones,Electronics,Audio,SoundMax,89.99,USD,45,0.30,25x20x8,Black,Plastic,High-quality wireless headphones with noise cancellation,2024-01-15,false,2025-01-16T08:30:15Z,2025-12-08T11:45:31.248039Z,20251208_114511,ecommerce_products,Mid-range,Medium Stock,693,Mature,"[""25"",""20"",""8""]",4000,0.000075,326,326,108.66666666666667,138.41000000000000000000,Low Performer,Stagnant
P008,1,156.80,156.800000,1,47.04,2025-01-16,2025-01-16,Smart Doorbell,Electronics,Security,SafeHome,199.99,USD,12,0.60,12x4x4,Black,Plastic,WiFi-enabled smart doorbell with HD video and two-way audio,2024-07-20,false,2025-01-16T15:55:38Z,2025-12-08T11:45:31.248039Z,20251208_114511,ecommerce_products,Premium,Medium Stock,506,Mature,"[""12"",""4"",""4""]",192,0.0031249999999999997,326,326,326,156.80000000000000000000,Low Performer,Stagnant
P009,1,289.99,289.990000,1,86.997,2025-01-16,2025-01-16,Mechanical Gaming Keyboard,Electronics,Gaming,GameMax,149.99,USD,34,1.10,45x15x3,RGB,Plastic,RGB mechanical gaming keyboard with customizable backlighting,2024-08-05,false,2025-01-16T16:30:49Z,2025-12-08T11:45:31.248039Z,20251208_114511,ecommerce_products,Mid-range,Medium Stock,490,Mature,"[""45"",""15"",""3""]",2025,0.0005432098765432099,326,326,326,289.99000000000000000000,Low Performer,Stagnant
P005,3,658.49,219.496667,3,197.547,2025-01-16,2025-01-16,Wireless Charging Pad,Electronics,Accessories,ChargeTech,39.99,USD,89,0.20,10x10x1,White,Plastic,Fast wireless charging pad compatible with all Qi-enabled devices,2024-04-15,false,2025-01-16T12:10:55Z,2025-12-08T11:45:31.248039Z,20251208_114511,ecommerce_products,Budget,High Stock,602,Mature,"[""10"",""10"",""1""]",100,0.002,326,326,108.66666666666667,219.49666666666666666667,Low Performer,Stagnant
